{"time": [1654667670.5500884, 1654667670.5520988, 1654667670.5531044, 1654667670.556101, 1654667670.55711, 1654667670.5591242, 1654667670.56014, 1654667670.5621383, 1654667670.5631347, 1654667670.566136, 1654667670.567137, 1654667670.5692706, 1654667670.5709603, 1654667670.5720618, 1654667670.5730612, 1654667670.5770617, 1654667670.577495, 1654667670.579127, 1654667670.580073, 1654667670.5820813, 1654667670.5860844, 1654667670.5870833, 1654667670.5892615, 1654667670.5912616, 1654667670.59409, 1654667670.5966806, 1654667670.5981214, 1654667670.6001215, 1654667670.602077, 1654667670.606077, 1654667670.608077, 1654667670.6110768, 1654667670.6132224, 1654667670.6162324, 1654667670.617223, 1654667670.619338, 1654667670.6210809, 1654667670.6230812, 1654667670.6270585, 1654667670.6300764, 1654667670.632076, 1654667670.6330771, 1654667670.6371777, 1654667670.6371777, 1654667670.6392481, 1654667670.6401749, 1654667670.6431744, 1654667670.6461823, 1654667670.6461823, 1654667670.649286, 1654667670.6510596, 1654667670.6531076, 1654667670.656109, 1654667670.658684, 1654667670.6610508, 1654667670.6630507, 1654667670.6660593, 1654667670.6680255, 1654667670.670025, 1654667670.6720252, 1654667670.676839, 1654667670.6791222, 1654667670.6811342, 1654667670.6832252, 1654667670.6872256, 1654667670.689467, 1654667670.6910825, 1654667670.6940415, 1654667670.6961238, 1654667670.6982028, 1654667670.7002, 1654667670.702197, 1654667670.706128, 1654667670.7088363, 1654667670.7108364, 1654667670.7120864, 1654667670.7160962, 1654667670.7191272, 1654667670.7202344, 1654667670.7220893, 1654667670.727247, 1654667670.7296476, 1654667670.7316475, 1654667670.7356465, 1654667670.738727, 1654667670.7400844, 1654667670.7430313, 1654667670.746042, 1654667670.7480314, 1654667670.7500796, 1654667670.752056, 1654667670.756057, 1654667670.7589762, 1654667670.7609773, 1654667670.7621615, 1654667670.7661717, 1654667670.7681859, 1654667670.7701857, 1654667670.7720563, 1654667670.7771924, 1654667670.779191, 1654667670.7811995, 1654667670.7831218, 1654667670.786827, 1654667670.7891626, 1654667670.7910876, 1654667670.7930548, 1654667670.7960553, 1654667670.798044, 1654667670.8000438, 1654667670.8020499, 1654667670.8060498, 1654667670.8089097, 1654667670.8109097, 1654667670.812165, 1654667670.8161752, 1654667670.8181882], "channel-00": [-0.05, -0.01, -0.11, 0.0, 0.05, 0.0, -0.05, 0.13, -0.01, -0.085, 0.0, -0.035, 0.275, 0.72, 0.065, -1.45, -1.47, -0.07, 0.965, 0.88, 0.615, 0.625, 0.555, -0.34, -1.94, -1.3, 2.105, 2.3850000000000002, 0.675, -1.635, -2.15, -0.015, 1.455, 1.73, 1.37, 0.14, -0.44, -0.645, -0.79, -0.03, 0.295, 0.23, -0.05, -0.095, -0.12, -0.13, 0.155, 0.1, 0.28, -0.03, -0.295, -0.165, -0.035, 0.125, 0.1, 0.16, 0.02, 0.095, 0.0, 0.07, -0.07, -0.05, -0.135, 0.11, 0.18, 0.19, 0.005, -0.11, -0.055, -0.08, -0.14, -0.075, 0.025, 0.03, 0.03, 0.055, -0.02, -0.225, -0.07, 0.03, 0.165, 0.1, 0.01, -0.095, 0.035, 0.0, -0.09, 0.045, 0.08, -0.015, 0.015, 0.12, 0.06, 0.025, 0.04, -0.01, 0.0, 0.095, -0.015, -0.055, 0.005, 0.0, -0.025, -0.17500000000000002, 0.0, 0.08, 0.045, 0.05, -0.035, -0.01, 0.03, 0.065, -0.155, 0.02, -0.015, 0.0, -0.035], "channel-01": [0.01, 0.005, 0.06, 0.075, 0.07, -0.075, 0.05, 0.09, -0.05, 0.01, 0.0, 0.125, 0.085, 0.105, 0.0, -0.045, -0.01, 0.025, 0.085, 0.105, 0.14, 0.0, -0.185, -0.135, -0.135, 0.025, 0.115, 0.37, 0.485, 0.245, -0.015, -0.26, -0.4, -0.31, -0.355, -0.3, 0.065, 0.29, 0.58, 0.81, 0.545, -0.17500000000000002, -0.87, -1.445, -1.225, -0.51, 0.19, 0.685, 1.0150000000000001, 0.395, -0.275, -0.32, -0.23500000000000001, -0.065, 0.04, 0.21, 0.32, 0.17500000000000002, -0.17500000000000002, -0.18, -0.095, 0.155, -0.01, 0.035, 0.06, 0.09, 0.0, 0.13, 0.065, 0.045, 0.005, -0.17, 0.0, 0.045, 0.03, 0.155, 0.07, -0.09, 0.005, 0.065, 0.005, 0.02, -0.015, 0.045, 0.05, 0.01, -0.03, 0.015, -0.06, 0.015, 0.03, 0.035, 0.115, 0.105, 0.065, -0.005, 0.01, -0.025, 0.04, 0.015, 0.11, 0.1, 0.045, 0.025, -0.04, 0.065, -0.06, -0.055, 0.0, 0.015, 0.025, 0.095, 0.045, 0.085, 0.04, -0.03, -0.055], "channel-02": [-0.14, -0.08, 0.1, 0.025, 0.11, -0.005, 0.17, 0.065, 0.02, 0.02, 0.17, 0.05, 0.015, 0.035, -0.015, -0.11, -0.135, -0.005, 0.07, 0.015, -0.065, 0.11, 0.125, 0.06, 0.105, -0.085, 0.01, 0.0, -0.005, 0.05, 0.0, -0.13, 0.04, 0.11, 0.06, 0.23, 0.085, 0.26, 0.19, -0.095, -0.21, -0.32, -0.12, 0.035, 0.005, 0.215, 0.055, 0.28, 0.225, 0.13, -0.15, -0.22, 0.025, 0.17500000000000002, -0.005, -0.03, -0.075, -0.38, -0.31, 0.055, 0.305, 0.20500000000000002, -0.08, -0.365, -0.51, 0.0, 0.215, 0.225, 0.23, 0.11, 0.015, -0.08, -0.09, -0.05, 0.125, 0.04, 0.065, -0.07, -0.135, 0.105, -0.03, 0.075, 0.17, 0.005, -0.09, 0.02, -0.09, -0.055, 0.005, 0.16, 0.18, 0.12, 0.05, 0.055, 0.065, 0.015, 0.05, 0.015, -0.1, 0.13, 0.08, -0.02, 0.12, 0.045, 0.02, 0.085, 0.005, -0.04, -0.05, 0.02, 0.13, 0.015, 0.11, 0.075, 0.105, 0.015, 0.03], "pick": [[1.0, 0.015703], [2.0, 0.025852], [3.0, 0.038108]]}