{"time": [1654666477.848834, 1654666477.8500073, 1654666477.8509233, 1654666477.8529596, 1654666477.8539593, 1654666477.855958, 1654666477.8613799, 1654666477.8624012, 1654666477.8644025, 1654666477.8659868, 1654666477.8699875, 1654666477.8719864, 1654666477.874007, 1654666477.8759935, 1654666477.8815625, 1654666477.883554, 1654666477.8850188, 1654666477.887019, 1654666477.890024, 1654666477.8920205, 1654666477.8948078, 1654666477.8978615, 1654666477.9008608, 1654666477.9038615, 1654666477.9049866, 1654666477.9069953, 1654666477.9104955, 1654666477.9124963, 1654666477.9154959, 1654666477.9170082, 1654666477.9210935, 1654666477.9232168, 1654666477.9250042, 1654666477.9304361, 1654666477.9334323, 1654666477.935019, 1654666477.9370027, 1654666477.9400043, 1654666477.9427338, 1654666477.9443474, 1654666477.9473839, 1654666477.9515233, 1654666477.9535222, 1654666477.9549856, 1654666477.9569485, 1654666477.9606123, 1654666477.963611, 1654666477.9656107, 1654666477.9669743, 1654666477.9699736, 1654666477.9719748, 1654666477.974005, 1654666477.9759579, 1654666477.9819074, 1654666477.9839857, 1654666477.9849072, 1654666477.9869823, 1654666477.9899101, 1654666477.9907265, 1654666477.9920065, 1654666477.994689, 1654666477.995699, 1654666477.9976985, 1654666478.001914, 1654666478.001914, 1654666478.0039127, 1654666478.0059807, 1654666478.0099103, 1654666478.0129106, 1654666478.0140967, 1654666478.0159912, 1654666478.0200016, 1654666478.0219557, 1654666478.0239553, 1654666478.025953, 1654666478.0309546, 1654666478.0332613, 1654666478.0349803, 1654666478.0369384, 1654666478.0409508, 1654666478.0429506, 1654666478.0449705, 1654666478.0470004, 1654666478.05201, 1654666478.0539997, 1654666478.056, 1654666478.0610044, 1654666478.063544, 1654666478.0649555, 1654666478.0669742, 1654666478.070974, 1654666478.0731862, 1654666478.074186, 1654666478.0760016, 1654666478.0809615, 1654666478.0809615, 1654666478.0814326, 1654666478.083004, 1654666478.083945, 1654666478.0860317, 1654666478.087016, 1654666478.089958, 1654666478.0909586, 1654666478.091962, 1654666478.0949554, 1654666478.0951371, 1654666478.0969741, 1654666478.099974, 1654666478.100974, 1654666478.1021242, 1654666478.1041238, 1654666478.1061244, 1654666478.110124, 1654666478.1125157, 1654666478.9949727], "channel-00": [-0.025, 0.01, 0.075, -0.03, 0.065, -0.11, -0.17500000000000002, 0.015, -0.075, -0.1, 0.4, -0.63, -1.83, -0.01, 0.895, 0.775, 0.73, 0.145, -0.875, -1.565, 1.175, 2.555, 0.485, 2.56, -1.99, 0.025, 1.47, 1.605, 0.66, -0.525, -0.78, -0.485, 0.0, 0.275, -0.22, -0.125, 0.04, 0.32, 0.195, 0.095, -0.07, -0.245, -0.045, 0.105, 0.06, -0.02, -0.055, -0.01, -0.05, 0.05, -0.185, -0.015, -0.015, -0.18, 0.095, 0.125, 0.025, 0.035, 0.07, -0.03, -0.15, -0.08, -0.09, -0.11, 0.05, 0.065, 0.04, 0.095, 0.07, -0.035, -0.08, -0.105, 0.085, 0.255, 0.025, -0.12, -0.1, 0.01, 0.01, 0.035, 0.015, 0.03, -0.1, -0.02, 0.135, 0.025, -0.035, -0.03, 0.02, 0.12, 0.17500000000000002, -0.06, -0.16, -0.22, -0.145, -0.05, -0.06, 0.025, 0.0, -0.055, 0.09, 0.095, -0.045, -0.085, -0.125, 0.0, -0.005, -0.015, 0.0, -0.01, -0.085, 0.03, -0.05, 0.095, 0.03], "channel-01": [0.135, 0.015, 0.085, 0.035, 0.005, 0.055, -0.06, 0.09, 0.0, -0.04, 0.0, 0.065, -0.025, 0.095, 0.195, 0.05, -0.12, -0.245, -0.14, 0.015, 0.045, 0.215, 0.52, 0.105, 0.08, -0.06, -0.31, -0.43, -0.55, -0.06, 0.14, 0.675, 0.87, 0.71, -1.21, -1.42, -0.62, 0.42, 1.185, 0.835, 0.075, -0.5750000000000001, -0.23500000000000001, 0.01, 0.16, 0.23, 0.115, 0.015, -0.085, -0.08, 0.015, 0.13, 0.09, 0.02, 0.0, 0.02, 0.12, 0.145, 0.075, 0.055, -0.03, 0.005, -0.085, -0.145, -0.055, 0.09, 0.025, 0.095, 0.015, -0.035, 0.015, -0.04, 0.1, 0.055, -0.02, -0.01, -0.04, 0.045, 0.025, -0.035, 0.035, -0.035, 0.0, -0.095, 0.14, 0.1, -0.01, 0.03, -0.08, 0.06, 0.075, 0.0, 0.06, -0.025, 0.025, 0.025, 0.075, 0.005, -0.035, -0.025, -0.05, -0.025, 0.01, 0.065, 0.015, 0.085, 0.12, 0.1, 0.065, 0.055, -0.075, -0.11, -0.105, 0.04, 0.04], "channel-02": [0.11, 0.0, 0.09, -0.02, -0.055, 0.055, -0.03, -0.03, -0.09, -0.06, 0.005, 0.07, -0.015, 0.11, -0.095, -0.055, 0.24, -0.04, 0.045, -0.035, -0.06, -0.08, 0.065, -0.035, -0.02, 0.05, 0.075, -0.005, 0.135, 0.115, 0.35000000000000003, 0.27, 0.0, -0.355, -0.04, 0.26, 0.26, 0.315, 0.395, 0.335, 0.15, -0.095, 0.055, -0.02, 0.0, -0.11, -0.42, -0.31, -0.25, 0.245, 0.58, 0.645, 0.185, -0.29, -0.42, 0.065, 0.28500000000000003, 0.165, 0.11, 0.105, 0.07, -0.1, -0.085, -0.15, -0.045, 0.085, -0.055, 0.055, -0.15, -0.075, -0.02, -0.075, 0.095, 0.01, -0.155, -0.05, 0.01, -0.035, -0.09, -0.045, -0.13, 0.005, 0.12, 0.07, -0.065, -0.15, -0.1, 0.045, 0.05, 0.12, 0.06, 0.08, -0.115, 0.045, 0.11, 0.035, -0.1, 0.165, 0.12, 0.065, 0.02, -0.065, -0.08, -0.02, 0.09, -0.04, 0.17500000000000002, 0.035, 0.05, 0.02, -0.045, -0.03, 0.04, -0.005, 0.01], "pick": [[1.0, 0.050758], [2.0, 0.076136], [3.0, 0.08596]]}