{"time": [1654659454.0582857, 1654659454.0599844, 1654659454.0610223, 1654659454.0759616, 1654659454.0759616, 1654659454.0779338, 1654659454.079941, 1654659454.086879, 1654659454.0888734, 1654659454.097884, 1654659454.1008754, 1654659454.1058295, 1654659454.1088212, 1654659454.114805, 1654659454.115836, 1654659454.1188273, 1654659454.1258135, 1654659454.1288009, 1654659454.1317925, 1654659454.1387734, 1654659454.1457222, 1654659454.1487472, 1654659454.1546988, 1654659454.1577258, 1654659454.1607156, 1654659454.1617134, 1654659454.1656694, 1654659454.1676638, 1654659454.1696587, 1654659454.1746783, 1654659454.1746783, 1654659454.1776373, 1654659454.1806283, 1654659454.1846576, 1654659454.1876104, 1654659454.1896045, 1654659454.195627, 1654659454.195627, 1654659454.1985812, 1654659454.2055624, 1654659454.2085385, 1654659454.2145724, 1654659454.2175307, 1654659454.2195253, 1654659454.225543, 1654659454.2285013, 1654659454.2294986, 1654659454.23552, 1654659454.23552, 1654659454.238474, 1654659454.2461052, 1654659454.2481017, 1654659454.2552183, 1654659454.2581766, 1654659454.2671623, 1654659454.2701938, 1654659454.2781355, 1654659454.2811253, 1654659454.2881064, 1654659454.2990773, 1654659454.3090506, 1654659454.319024, 1654659454.3291597, 1654659454.3320358, 1654659454.340966, 1654659454.390069, 1654659454.4109979, 1654659454.4808102, 1654659454.4878078, 1654659454.4907844, 1654659454.4967675, 1654659454.5007155, 1654659454.506741, 1654659454.5087285, 1654659454.5167115, 1654659454.5177083, 1654659454.520701, 1654659454.5276468, 1654659454.5306716, 1654659454.5376563, 1654659454.5406423, 1654659454.5485876, 1654659454.557764, 1654659454.5605934, 1654659454.5680385, 1654659454.5708973, 1654659454.578545, 1654659454.5815368, 1654659454.587523, 1654659454.5886798, 1654659454.5975075, 1654659454.6004987, 1654659454.6084356, 1654659454.9960942], "channel-00": [0.07, -0.115, -0.115, -0.12, 0.0, -0.045, 0.3, -0.245, 0.44, 0.23500000000000001, -0.99, -0.6900000000000001, 1.56, -0.67, -2.32, 0.645, 1.51, -0.525, -0.34500000000000003, 0.19, -0.17500000000000002, 0.165, 0.24, -0.17500000000000002, -0.245, 0.075, 0.01, 0.08, 0.035, -0.115, -0.06, -0.04, -0.065, -0.095, 0.08, 0.025, -0.09, 0.0, 0.055, -0.105, 0.035, -0.14, 0.005, 0.02, 0.02, -0.025, 0.055, 0.03, -0.085, -0.065, -0.04, -0.11, 0.03, 0.025, 0.01, 0.05, 0.035, -0.1, -0.075, 0.075, -0.01, -0.055, 0.085, -0.005, 0.045, -0.09, -0.02, 0.055, 0.02, 0.025, -0.095, 0.055, 0.125, 0.025, -0.05, 0.065, 0.0, -0.1, 0.005, 0.0, 0.095, -0.03, -0.055, -0.045, 0.02, -0.05, -0.115, 0.08, -0.02, 0.14, -0.09, -0.02, -0.15, -0.09], "channel-01": [-0.02, 0.0, -0.035, 0.04, 0.01, 0.0, 0.02, -0.035, 0.04, 0.08, -0.18, 0.04, 0.2, 0.18, 0.125, 0.02, -0.15, 0.02, 0.15, 0.47500000000000003, -0.07, -0.16, 0.74, -0.22, -0.34500000000000003, -0.22, -0.07, 0.17, 0.12, 0.0, 0.015, 0.03, -0.075, 0.025, 0.145, 0.025, -0.05, 0.03, 0.015, -0.045, 0.045, -0.02, 0.025, 0.0, 0.035, 0.04, 0.005, 0.03, 0.09, 0.015, 0.025, -0.035, 0.02, 0.07, 0.02, -0.015, 0.055, 0.01, -0.01, 0.0, 0.01, 0.0, 0.02, -0.005, -0.035, -0.075, -0.02, 0.0, 0.075, 0.01, -0.04, 0.08, 0.04, -0.005, 0.005, 0.0, 0.03, 0.055, 0.055, -0.005, 0.075, 0.06, 0.025, 0.005, 0.015, 0.055, -0.035, 0.045, -0.02, 0.01, -0.045, 0.045, 0.025, 0.0], "channel-02": [0.06, 0.155, -0.015, 0.11, 0.0, 0.115, 0.0, 0.06, -0.035, 0.135, 0.095, -0.025, -0.015, 0.065, -0.145, 0.065, -0.1, 0.005, 0.19, -0.23500000000000001, -0.315, 0.0, 0.20500000000000002, -0.05, 0.135, 0.02, 0.035, -0.18, -0.17500000000000002, -0.17500000000000002, -0.255, -0.23500000000000001, 0.08, 0.45, 0.195, -0.23500000000000001, -0.26, -0.23500000000000001, 0.12, 0.075, -0.125, 0.105, 0.0, 0.12, 0.105, -0.035, 0.005, 0.01, 0.07, 0.14, -0.03, 0.255, -0.07, 0.16, 0.02, -0.08, 0.035, 0.03, 0.06, 0.035, -0.005, -0.015, 0.055, 0.18, -0.02, 0.04, 0.035, -0.085, -0.09, -0.055, 0.12, 0.18, 0.015, 0.085, 0.125, -0.045, 0.05, 0.095, 0.105, -0.06, 0.145, 0.04, -0.02, 0.19, 0.065, -0.025, 0.13, -0.11, 0.04, 0.035, 0.12, -0.05, -0.03, 0.025], "pick": [[1.0, 0.023934], [2.0, 0.038098]]}