{"time": [1654659921.3277268, 1654659921.3297226, 1654659921.330718, 1654659921.332714, 1654659921.3337104, 1654659921.3357055, 1654659921.3388221, 1654659921.3388221, 1654659921.341689, 1654659921.3436842, 1654659921.3446808, 1654659921.3486686, 1654659921.349669, 1654659921.349669, 1654659921.3516629, 1654659921.352659, 1654659921.3546567, 1654659921.3586125, 1654659921.3586125, 1654659921.3596127, 1654659921.3616374, 1654659921.3625998, 1654659921.3651998, 1654659921.365592, 1654659921.368618, 1654659921.368618, 1654659921.3716094, 1654659921.374568, 1654659921.3755991, 1654659921.3785937, 1654659921.3785937, 1654659921.3815823, 1654659921.3835785, 1654659921.3855789, 1654659921.388821, 1654659921.3916564, 1654659921.3945482, 1654659921.400129, 1654659921.402124, 1654659921.404562, 1654659921.4085507, 1654659921.411541, 1654659921.4145358, 1654659921.4185233, 1654659921.421595, 1654659921.4246259, 1654659921.429578, 1654659921.432607, 1654659921.4345605, 1654659921.4395864, 1654659921.4425955, 1654659921.4446206, 1654659921.4466217, 1654659921.44962, 1654659921.4505744, 1654659921.4526033, 1654659921.4555607, 1654659921.4609694, 1654659921.4632075, 1654659921.4699445, 1654659921.4730897, 1654659921.4805238, 1654659921.4828775, 1654659921.4898915, 1654659921.4928865, 1654659921.4998653, 1654659921.5029476, 1654659921.509976, 1654659921.5133095, 1654659921.5199142, 1654659921.523128, 1654659921.53046, 1654659921.5329144, 1654659921.540861, 1654659921.5428913, 1654659921.549841, 1654659921.5529623, 1654659921.5598073, 1654659921.5629928, 1654659921.5718102, 1654659921.5737686, 1654659921.580456, 1654659921.5829918, 1654659921.5897825, 1654659921.5927188, 1654659921.5998952, 1654659921.6028469, 1654659921.6098998, 1654659921.612833, 1654659921.6198745, 1654659921.6231034, 1654659921.630474, 1654659921.6327808], "channel-00": [-0.075, -0.075, -0.065, -0.065, -0.065, -0.075, -0.145, 0.145, -0.24, -0.17, 0.0, -0.1, -0.055, 0.015, -0.16, -0.07, -0.055, -0.055, -0.06, -0.075, -0.06, -0.08, -0.09, -0.08, -0.08, -0.07, -0.08, -0.075, -0.07, -0.06, -0.045, -0.05, -0.08, -0.075, -0.08, -0.06, -0.07, -0.06, -0.035, -0.04, -0.035, -0.085, -0.105, -0.08, 0.0, -0.025, -0.085, -0.075, -0.06, -0.07, -0.09, -0.075, -0.07, -0.065, -0.055, -0.04, -0.045, -0.08, -0.09, -0.07, -0.06, -0.08, -0.055, -0.085, -0.075, -0.08, -0.065, -0.08, -0.065, -0.07, -0.08, -0.065, -0.05, -0.06, -0.075, -0.075, -0.06, -0.07, -0.08, -0.07, -0.075, -0.06, -0.07, -0.05, -0.07, -0.06, -0.055, -0.06, -0.06, -0.065, -0.04, -0.06, -0.06], "channel-01": [0.005, -0.01, -0.005, -0.005, -0.015, 0.01, 0.015, 0.025, -0.005, -0.055, -0.095, -0.01, 0.0, -0.02, -0.01, 0.0, 0.0, 0.0, 0.005, 0.015, 0.02, 0.01, -0.015, -0.03, -0.04, -0.025, -0.015, 0.0, 0.015, 0.045, 0.065, 0.02, 0.005, 0.015, -0.015, -0.025, -0.05, 0.005, 0.045, 0.075, 0.07, -0.05, -0.17, -0.055, 0.17500000000000002, 0.075, -0.06, -0.02, 0.025, 0.015, -0.005, 0.0, 0.01, 0.0, 0.005, 0.025, 0.02, -0.01, 0.0, 0.025, 0.01, -0.015, 0.005, -0.005, 0.01, -0.01, 0.005, -0.005, 0.005, 0.0, -0.02, -0.015, 0.0, 0.0, 0.0, 0.0, 0.0, 0.005, 0.0, 0.0, 0.0, -0.01, 0.015, -0.005, 0.015, 0.015, 0.0, 0.01, 0.005, 0.005, 0.005, 0.0, 0.005], "channel-02": [0.005, 0.03, 0.0, 0.035, -0.01, 0.015, -0.08, -0.015, -0.045, -0.005, 0.02, 0.04, -0.005, 0.025, 0.0, -0.01, 0.005, -0.005, 0.0, -0.005, 0.0, 0.035, 0.025, -0.01, 0.02, 0.005, -0.005, 0.03, 0.015, 0.0, -0.01, 0.005, 0.0, 0.03, 0.0, -0.015, 0.0, 0.0, 0.05, 0.04, -0.06, -0.05, -0.025, 0.02, 0.05, 0.05, 0.005, -0.015, -0.02, -0.015, 0.0, -0.025, -0.04, 0.02, -0.01, 0.06, 0.055, -0.05, -0.025, 0.04, -0.03, 0.0, -0.015, 0.0, -0.01, 0.005, -0.005, 0.025, -0.01, -0.01, 0.015, 0.01, -0.015, -0.01, -0.005, 0.025, 0.005, 0.025, 0.015, 0.0, 0.0, 0.03, 0.0, 0.015, 0.01, 0.005, 0.01, -0.015, -0.035, 0.015, 0.005, 0.005, -0.01], "pick": [[1.0, 0.008934]]}