{"time": [1654666767.6222315, 1654666767.6241796, 1654666767.6251843, 1654666767.6271825, 1654666767.628182, 1654666767.6340697, 1654666767.6340697, 1654666767.636161, 1654666767.6371124, 1654666767.6419053, 1654666767.6419053, 1654666767.6449833, 1654666767.6469848, 1654666767.6482086, 1654666767.651209, 1654666767.6540453, 1654666767.6560457, 1654666767.658205, 1654666767.662442, 1654666767.664809, 1654666767.6668084, 1654666767.6688085, 1654666767.6718082, 1654666767.6746752, 1654666767.676308, 1654666767.678307, 1654666767.681721, 1654666767.6848013, 1654666767.6868026, 1654666767.6888034, 1654666767.692728, 1654666767.694814, 1654666767.6968033, 1654666767.6988018, 1654666767.7017276, 1654666767.704602, 1654666767.7066016, 1654666767.7086022, 1654666767.7119195, 1654666767.7150638, 1654666767.7162044, 1654666767.7182093, 1654666767.7220082, 1654666767.7243965, 1654666767.7253978, 1654666767.7272651, 1654666767.7312655, 1654666767.7322652, 1654666767.7333634, 1654666767.7353632, 1654666767.737194, 1654666767.7419455, 1654666767.7449584, 1654666767.7462215, 1654666767.7482069, 1654666767.7522204, 1654666767.7542086, 1654666767.7562087, 1654666767.7582076, 1654666767.7612386, 1654666767.763139, 1654666767.7651389, 1654666767.7671824, 1654666767.7721858, 1654666767.7745981, 1654666767.776598, 1654666767.7786038, 1654666767.7815979, 1654666767.7845986, 1654666767.7861893, 1654666767.7881892, 1654666767.7923958, 1654666767.7947476, 1654666767.796186, 1654666767.7981832, 1654666767.8021839, 1654666767.803183, 1654666767.8051825, 1654666767.8072073, 1654666767.8115494, 1654666767.8146958, 1654666767.8162286, 1654666767.8181937, 1654666767.8211927, 1654666767.8239958, 1654666767.8259842, 1654666767.8272178, 1654666767.8312283, 1654666767.8331196, 1654666767.8351872, 1654666767.8371794, 1654666767.8421812, 1654666767.8441892, 1654666767.8460772, 1654666767.8472226, 1654666767.8482227, 1654666767.852223, 1654666767.852223, 1654666767.8547375, 1654666767.8561933, 1654666767.858638, 1654666767.862314, 1654666767.8646612, 1654666767.8666613, 1654666767.868186, 1654666767.871185, 1654666767.874186, 1654666767.876124, 1654666767.8773055, 1654666767.8822894, 1654666767.884291, 1654666767.8862188, 1654666767.8881764, 1654666767.8921766, 1654666767.894551, 1654666767.8961563, 1654666767.8982034, 1654666767.9012032, 1654666767.903289, 1654666767.905289, 1654666768.8268616], "channel-00": [0.0, -0.015, -0.005, -0.005, 0.02, 0.01, 0.0, -0.005, -0.025, 0.0, -0.01, 0.145, -0.17, -0.41500000000000004, -0.08, 0.19, 0.085, 0.16, 0.17500000000000002, -0.17, -0.33, 0.05, 0.39, 0.11, -0.41500000000000004, -0.5, -0.26, 0.225, 0.31, 0.20500000000000002, 0.025, -0.145, -0.145, -0.1, 0.045, 0.02, -0.02, -0.005, -0.035, 0.015, 0.075, 0.065, -0.005, -0.055, -0.045, 0.0, 0.005, 0.0, 0.02, 0.015, -0.015, 0.0, -0.01, 0.0, -0.01, 0.0, -0.01, 0.005, 0.035, 0.03, 0.035, -0.015, -0.035, -0.025, -0.015, 0.0, 0.0, 0.005, 0.0, -0.015, -0.03, 0.0, 0.01, 0.025, 0.01, 0.01, 0.0, -0.02, 0.0, 0.0, -0.01, -0.02, -0.02, 0.02, 0.01, 0.015, 0.015, 0.0, -0.015, 0.01, 0.005, 0.0, -0.01, -0.005, 0.02, 0.005, -0.01, -0.01, -0.005, -0.015, -0.02, -0.02, 0.045, 0.075, 0.035, -0.045, -0.07, -0.005, 0.0, 0.02, 0.01, -0.005, 0.025, 0.0, 0.005, 0.0, -0.02, 0.0, -0.005, 0.015, 0.005], "channel-01": [-0.01, 0.005, 0.03, 0.06, 0.05, 0.115, 0.035, 0.0, 0.025, -0.04, -0.045, 0.115, -0.02, 0.0, 0.005, 0.075, 0.1, 0.03, -0.135, -0.17500000000000002, -0.04, -0.065, 0.145, 0.455, 0.295, 0.23, 0.045, -0.305, -0.185, -0.41500000000000004, -0.35000000000000003, 0.06, 0.375, 0.765, 0.75, 0.25, -0.84, -1.335, -1.04, 0.555, 0.96, 0.85, 0.295, -0.46, -0.515, -0.34500000000000003, -0.19, -0.11, 0.15, 0.215, 0.23500000000000001, 0.11, -0.065, -0.135, 0.17, 0.125, -0.09, -0.01, 0.06, 0.035, 0.12, 0.04, -0.005, -0.05, -0.065, -0.02, -0.045, 0.155, 0.055, -0.045, -0.04, 0.02, -0.04, 0.025, 0.145, 0.075, 0.015, 0.0, 0.015, 0.06, -0.065, 0.01, -0.125, 0.015, 0.09, 0.085, 0.045, 0.025, -0.005, 0.07, -0.06, -0.095, -0.02, -0.02, 0.07, 0.075, 0.025, -0.025, 0.005, 0.0, -0.1, 0.03, -0.015, -0.035, 0.065, 0.095, 0.105, -0.005, 0.0, -0.135, -0.07, 0.015, 0.0, 0.01, 0.18, 0.24, 0.055, -0.04, -0.19, -0.17500000000000002, 0.025], "channel-02": [0.005, 0.065, 0.14, 0.215, -0.02, -0.06, 0.07, -0.055, 0.08, -0.065, 0.155, 0.045, 0.02, -0.08, 0.105, 0.025, 0.14, 0.08, 0.0, -0.14, 0.09, 0.015, -0.05, -0.04, 0.085, 0.0, 0.11, 0.05, -0.005, 0.14, 0.17500000000000002, 0.17, 0.29, 0.185, -0.20500000000000002, -0.44, -0.32, -0.135, 0.265, 0.305, 0.365, 0.41000000000000003, 0.14, 0.015, -0.12, -0.115, -0.06, 0.0, 0.03, -0.07, -0.28, -0.385, 0.215, 0.665, 0.42, 0.385, -0.38, -0.42, -0.295, 0.0, 0.325, 0.23500000000000001, 0.0, -0.04, -0.01, -0.01, 0.055, 0.115, 0.03, -0.03, -0.075, -0.01, 0.0, 0.12, 0.005, 0.09, 0.075, -0.065, 0.23, 0.085, -0.1, -0.065, 0.04, 0.17500000000000002, 0.13, 0.14, -0.05, -0.035, 0.0, 0.085, 0.025, 0.16, -0.08, -0.045, -0.02, 0.045, 0.065, 0.085, -0.02, 0.095, 0.08, 0.065, 0.03, 0.005, 0.17500000000000002, -0.05, 0.105, 0.0, 0.07, 0.155, -0.005, 0.02, 0.075, 0.0, 0.015, -0.075, 0.065, 0.095, 0.02, -0.04, -0.045], "pick": [[1.0, 0.060232], [2.0, 0.091208], [3.0, 0.1153]]}